Miejsce w rankingu	Gmina	Województwo	Powiat
1	Kleszczów (2)	Łódzkie	bełchatowski
2	Kobierzyce (2)	Dolnośląskie	wrocławski
3	Tarnowo Podgórne (2)	Wielkopolskie	poznański
4	Puchaczów (2)	Lubelskie	łęczyński
5	Suchy Las (2)	Wielkopolskie	poznański
6	Baranów (2)	Wielkopolskie	kępiński
7	Lesznowola (2)	Mazowieckie	piaseczyński
8	Rewal (2)	Zachodniopomorskie	gryficki
9	Komorniki (2)	Wielkopolskie	poznański
10	Nadarzyn (2)	Mazowieckie	pruszkowski
11	Zabierzów (2)	Małopolskie	krakowski
12	Legnickie Pole (2)	Dolnośląskie	legnicki
13	Czosnów (2)	Mazowieckie	nowodworski
14	Pawłowice (2)	Śląskie	pszczyński
15	Ustronie Morskie (2)	Zachodniopomorskie	kołobrzeski
16	Michałowice (2)	Mazowieckie	pruszkowski
17	Goczałkowice-Zdrój (2)	Śląskie	pszczyński
18	Ornontowice (2)	Śląskie	mikołowski
19	Ożarowice (2)	Śląskie	tarnogórski
20	Mielno (2)	Zachodniopomorskie	koszaliński
21	Dobra (Szczecińska) (2)	Zachodniopomorskie	policki
22	Wiązowna (2)	Mazowieckie	otwocki
23	Osielsko (2)	Kujawsko-pomorskie	bydgoski
24	Łysomice (2)	Kujawsko-pomorskie	toruński
25	Raszyn (2)	Mazowieckie	pruszkowski
26	Perzów (2)	Wielkopolskie	kępiński
27	Słupsk (2)	Pomorskie	słupski
28	Rząśnia (2)	Łódzkie	pajęczański
29	Skarbimierz (2)	Opolskie	brzeski
30	Dopiewo (2)	Wielkopolskie	poznański
31	Jerzmanowa (2)	Dolnośląskie	głogowski
32	Kolbudy (2)	Pomorskie	gdański
33	Wielka Wieś (2)	Małopolskie	krakowski
34	Sitkówka-Nowiny (2)	Świętokrzyskie	kielecki
35	Łęka Opatowska (2)	Wielkopolskie	kępiński
36	Słupno (2)	Mazowieckie	płocki
37	Białe Błota (2)	Kujawsko-pomorskie	bydgoski
38	Stare Babice (2)	Mazowieckie	warszawski zachodni
39	Dobrzeń Wielki (2)	Opolskie	opolski
40	Czerwonak (2)	Wielkopolskie	poznański
41	Boronów (2)	Śląskie	lubliniecki
42	Kobylnica (2)	Pomorskie	słupski
43	Stawiguda (2)	Warmińsko-mazurskie	olsztyński
44	Grębocice (2)	Dolnośląskie	polkowicki
45	Kołbaskowo (2)	Zachodniopomorskie	policki
46	Rokietnica (2)	Wielkopolskie	poznański
47	Ksawerów (2)	Łódzkie	pabianicki
48	Jaktorów (2)	Mazowieckie	grodziski
49	Tczew (2)	Pomorskie	tczewski
50	Długołęka (2)	Dolnośląskie	wrocławski
51	Kołobrzeg (2)	Zachodniopomorskie	kołobrzeski
52	Krupski Młyn (2)	Śląskie	tarnogórski
53	Przykona (2)	Wielkopolskie	turecki
54	Terespol (2)	Lubelskie	bialski
55	Wielka Nieszawka (2)	Kujawsko-pomorskie	toruński
56	Izabelin (2)	Mazowieckie	warszawski zachodni
57	Pruszcz Gdański (2)	Pomorskie	gdański
58	Radwanice (2)	Dolnośląskie	polkowicki
59	Belsk Duży (2)	Mazowieckie	grójecki
60	Ciasna (2)	Śląskie	lubliniecki
61	Trzebownisko (2)	Podkarpackie	rzeszowski
62	Teresin (2)	Mazowieckie	sochaczewski
63	Kosakowo (2)	Pomorskie	pucki
64	Osie (2)	Kujawsko-pomorskie	świecki
65	Elbląg (2)	Warmińsko-mazurskie	elbląski
66	Budzyń (2)	Wielkopolskie	chodzieski
67	Żabia Wola (2)	Mazowieckie	grodziski
68	Siedlce (2)	Mazowieckie	siedlecki
69	Lubin (2)	Dolnośląskie	lubiński
70	Kaczory (2)	Wielkopolskie	pilski
71	Juchnowiec Kościelny (2)	Podlaskie	białostocki
72	Rudna (2)	Dolnośląskie	lubiński
73	Morawica (2)	Świętokrzyskie	kielecki
74	Krokowa (2)	Pomorskie	pucki
75	Miękinia (2)	Dolnośląskie	średzki
76	Pietrowice Wielkie (2)	Śląskie	raciborski
77	Siedlec (2)	Wielkopolskie	wolsztyński
78	Szczerców (2)	Łódzkie	bełchatowski
79	Liszki (2)	Małopolskie	krakowski
80	Święciechowa (2)	Wielkopolskie	leszczyński
81	Białowieża (2)	Podlaskie	hajnowski
82	Włoszakowice (2)	Wielkopolskie	leszczyński
83	Biesiekierz (2)	Zachodniopomorskie	koszaliński
84	Bolesław (2)	Małopolskie	olkuski
85	Nieporęt (2)	Mazowieckie	legionowski
86	Suwałki (2)	Podlaskie	suwalski
87	Ujazd (2)	Łódzkie	tomaszowski
88	Kłodawa (2)	Lubuskie	gorzowski
89	Krasne (2)	Podkarpackie	rzeszowski
90	Jonkowo (2)	Warmińsko-mazurskie	olsztyński
91	Gromadka (2)	Dolnośląskie	bolesławiecki
92	Lubomia (2)	Śląskie	wodzisławski
93	Nowa Wieś Wielka (2)	Kujawsko-pomorskie	bydgoski
94	Wieliszew (2)	Mazowieckie	legionowski
95	Bralin (2)	Wielkopolskie	kępiński
96	Kunice (2)	Dolnośląskie	legnicki
97	Gorzyce (2)	Podkarpackie	tarnobrzeski
98	Wejherowo (2)	Pomorskie	wejherowski
99	Kobylanka (2)	Zachodniopomorskie	stargardzki
100	Krośnice (2)	Dolnośląskie	milicki
101	Suszec (2)	Śląskie	pszczyński
102	Kościan (2)	Wielkopolskie	kościański
103	Zaniemyśl (2)	Wielkopolskie	średzki
104	Lniano (2)	Kujawsko-pomorskie	świecki
105	Buczkowice (2)	Śląskie	bielski
106	Medyka (2)	Podkarpackie	przemyski
107	Świerklany (2)	Śląskie	rybnicki
108	Dywity (2)	Warmińsko-mazurskie	olsztyński
109	Kościerzyna (2)	Pomorskie	kościerski
110	Chodzież (2)	Wielkopolskie	chodzieski
111	Dębica (2)	Podkarpackie	dębicki
112	Czarny Bór (2)	Dolnośląskie	wałbrzyski
113	Jaworze (2)	Śląskie	bielski
114	Lubochnia (2)	Łódzkie	tomaszowski
115	Zielonki (2)	Małopolskie	krakowski
116	Lipno (2)	Wielkopolskie	leszczyński
117	Bierawa (2)	Opolskie	kędzierzyńsko-kozielski
118	Nowosolna (2)	Łódzkie	łódzki wschodni
119	Postomino (2)	Zachodniopomorskie	sławieński
120	Granowo (2)	Wielkopolskie	grodziski
121	Tułowice (2)	Opolskie	opolski
122	Pabianice (2)	Łódzkie	pabianicki
123	Brodnica (2)	Wielkopolskie	śremski
124	Herby (2)	Śląskie	lubliniecki
125	Oława (2)	Dolnośląskie	oławski
126	Pszczółki (2)	Pomorskie	gdański
127	Bobrowniki (2)	Śląskie	będziński
128	Darłowo (2)	Zachodniopomorskie	sławieński
129	Dobroszyce (2)	Dolnośląskie	oleśnicki
130	Grudziądz (2)	Kujawsko-pomorskie	grudziądzki
131	Celestynów (2)	Mazowieckie	otwocki
132	Zabór (2)	Lubuskie	zielonogórski
133	Ostróda (2)	Warmińsko-mazurskie	ostródzki
134	Kobiór (2)	Śląskie	pszczyński
135	Ceranów (2)	Mazowieckie	sokołowski
136	Stare Miasto (2)	Wielkopolskie	koniński
137	Lubrza (2)	Lubuskie	świebodziński
138	Czernica (2)	Dolnośląskie	wrocławski
139	Świerklaniec (2)	Śląskie	tarnogórski
140	Gierałtowice (2)	Śląskie	gliwicki
141	Radziejowice (2)	Mazowieckie	żyrardowski
142	Złotoryja (2)	Dolnośląskie	złotoryjski
143	Podgórzyn (2)	Dolnośląskie	jeleniogórski
144	Sochaczew (2)	Mazowieckie	sochaczewski
145	Osiecznica (2)	Dolnośląskie	bolesławiecki
146	Zambrów (2)	Podlaskie	zambrowski
147	Mściwojów (2)	Dolnośląskie	jaworski
148	Leszno (2)	Mazowieckie	warszawski zachodni
149	Kleszczewo (2)	Wielkopolskie	poznański
150	Przechlewo (2)	Pomorskie	człuchowski
151	Kołbiel (2)	Mazowieckie	otwocki
152	Świdnica (2)	Lubuskie	zielonogórski
153	Przywidz (2)	Pomorskie	gdański
154	Chełm Śląski (2)	Śląskie	bieruńsko-lędziński
155	Kaźmierz (2)	Wielkopolskie	szamotulski
156	Giżycko (2)	Warmińsko-mazurskie	giżycki
157	Ciechanów (2)	Mazowieckie	ciechanowski
158	Mińsk Mazowiecki (2)	Mazowieckie	miński
159	Majdan Królewski (2)	Podkarpackie	kolbuszowski
160	Poczesna (2)	Śląskie	częstochowski
161	Rędziny (2)	Śląskie	częstochowski
162	Kwidzyn (2)	Pomorskie	kwidzyński
163	Łubowo (2)	Wielkopolskie	gnieźnieński
164	Opatówek (2)	Wielkopolskie	kaliski
165	Kamienica Polska (2)	Śląskie	częstochowski
166	Tuchomie (2)	Pomorskie	bytowski
167	Kozy (2)	Śląskie	bielski
168	Skąpe (2)	Lubuskie	świebodziński
169	Mogilany (2)	Małopolskie	krakowski
170	Starogard Gdański (2)	Pomorskie	starogardzki
171	Osina (2)	Zachodniopomorskie	goleniowski
172	Powidz (2)	Wielkopolskie	słupecki
173	Kobyla Góra (2)	Wielkopolskie	ostrzeszowski
174	Wisznia Mała (2)	Dolnośląskie	trzebnicki
175	Szemud (2)	Pomorskie	wejherowski
176	Solina (2)	Podkarpackie	leski
177	Reńska Wieś (2)	Opolskie	kędzierzyńsko-kozielski
178	Poraj (2)	Śląskie	myszkowski
179	Bukowiec (2)	Kujawsko-pomorskie	świecki
180	Tarnów (2)	Małopolskie	tarnowski
181	Iława (2)	Warmińsko-mazurskie	iławski
182	Dygowo (2)	Zachodniopomorskie	kołobrzeski
183	Żórawina (2)	Dolnośląskie	wrocławski
184	Pszczew (2)	Lubuskie	międzyrzecki
185	Stare Kurowo (2)	Lubuskie	strzelecko-drezdenecki
186	Przodkowo (2)	Pomorskie	kartuski
187	Blizanów (2)	Wielkopolskie	kaliski
188	Bolesławiec (2)	Dolnośląskie	bolesławiecki
189	Gaworzyce (2)	Dolnośląskie	polkowicki
190	Lubicz (2)	Kujawsko-pomorskie	toruński
191	Wyry (2)	Śląskie	mikołowski
192	Zblewo (2)	Pomorskie	starogardzki
193	Sulmierzyce (2)	Łódzkie	pajęczański
194	Bojszowy (2)	Śląskie	bieruńsko-lędziński
195	Kampinos (2)	Mazowieckie	warszawski zachodni
196	Orla (2)	Podlaskie	bielski
197	Świeszyno (2)	Zachodniopomorskie	koszaliński
198	Nowa Sól (2)	Lubuskie	nowosolski
199	Czernichów (2)	Śląskie	żywiecki
200	Buczek (2)	Łódzkie	łaski
201	Deszczno (2)	Lubuskie	gorzowski
202	Sztutowo (2)	Pomorskie	nowodworski
203	Kurzętnik (2)	Warmińsko-mazurskie	nowomiejski
204	Biszcza (2)	Lubelskie	biłgorajski
205	Łodygowice (2)	Śląskie	żywiecki
206	Dziemiany (2)	Pomorskie	kościerski
207	Chrząstowice (2)	Opolskie	opolski
208	Żukowice (2)	Dolnośląskie	głogowski
209	Łukowa (2)	Lubelskie	biłgorajski
210	Somonino (2)	Pomorskie	kartuski
211	Czorsztyn (2)	Małopolskie	nowotarski
212	Turawa (2)	Opolskie	opolski
213	Potęgowo (2)	Pomorskie	słupski
214	Świlcza (2)	Podkarpackie	rzeszowski
215	Czarnocin (2)	Łódzkie	piotrkowski
216	Żelazków (2)	Wielkopolskie	kaliski
217	Suchożebry (2)	Mazowieckie	siedlecki
218	Olsztyn (2)	Śląskie	częstochowski
219	Włocławek (2)	Kujawsko-pomorskie	włocławski
220	Stare Czarnowo (2)	Zachodniopomorskie	gryfiński
221	Zduńska Wola (2)	Łódzkie	zduńskowolski
222	Santok (2)	Lubuskie	gorzowski
223	Puck (2)	Pomorskie	pucki
224	Przemęt (2)	Wielkopolskie	wolsztyński
225	Tomaszów Mazowiecki (2)	Łódzkie	tomaszowski
226	Koszęcin (2)	Śląskie	lubliniecki
227	Bolesławiec (2)	Łódzkie	wieruszowski
228	Pakosław (2)	Wielkopolskie	rawicki
229	Sokolniki (2)	Łódzkie	wieruszowski
230	Bobrowice (2)	Lubuskie	krośnieński
231	Dębowiec (2)	Śląskie	cieszyński
232	Krościenko Wyżne (2)	Podkarpackie	krośnieński
233	Stężyca (2)	Pomorskie	kartuski
234	Warta Bolesławiecka (2)	Dolnośląskie	bolesławiecki
235	Duszniki (2)	Wielkopolskie	szamotulski
236	Panki (2)	Śląskie	kłobucki
237	Czarnożyły (2)	Łódzkie	wieluński
238	Janów Podlaski (2)	Lubelskie	bialski
239	Dobroń (2)	Łódzkie	pabianicki
240	Wilkowice (2)	Śląskie	bielski
241	Tymbark (2)	Małopolskie	limanowski
242	Węgierska Górka (2)	Śląskie	żywiecki
243	Psary (2)	Śląskie	będziński
244	Gniewino (2)	Pomorskie	wejherowski
245	Kaliska (2)	Pomorskie	starogardzki
246	Konopiska (2)	Śląskie	częstochowski
247	Śliwice (2)	Kujawsko-pomorskie	tucholski
248	Chojnice (2)	Pomorskie	chojnicki
249	Miedźna (2)	Śląskie	pszczyński
250	Lubartów (2)	Lubelskie	lubartowski
251	Moszczenica (2)	Łódzkie	piotrkowski
252	Lipie (2)	Śląskie	kłobucki
253	Słońsk (2)	Lubuskie	sulęciński
254	Jejkowice (2)	Śląskie	rybnicki
255	Zagnańsk (2)	Świętokrzyskie	kielecki
256	Łęczyce (2)	Pomorskie	wejherowski
257	Wola Krzysztoporska (2)	Łódzkie	piotrkowski
258	Zgorzelec (2)	Dolnośląskie	zgorzelecki
259	Czarna (2)	Podkarpackie	łańcucki
260	Ustka (2)	Pomorskie	słupski
261	Pępowo (2)	Wielkopolskie	gostyński
262	Manowo (2)	Zachodniopomorskie	koszaliński
263	Zbrosławice (2)	Śląskie	tarnogórski
264	Inowłódz (2)	Łódzkie	tomaszowski
265	Chmielno (2)	Pomorskie	kartuski
266	Gietrzwałd (2)	Warmińsko-mazurskie	olsztyński
267	Brodnica (2)	Kujawsko-pomorskie	brodnicki
268	Lutowiska (2)	Podkarpackie	bieszczadzki
269	Inowrocław (2)	Kujawsko-pomorskie	inowrocławski
270	Piaski (2)	Wielkopolskie	gostyński
271	Stegna (2)	Pomorskie	nowodworski
272	Pilchowice (2)	Śląskie	gliwicki
273	Borzytuchom (2)	Pomorskie	bytowski
274	Jabłonka (2)	Małopolskie	nowotarski
275	Gniezno (2)	Wielkopolskie	gnieźnieński
276	Wróblew (2)	Łódzkie	sieradzki
277	Miejsce Piastowe (2)	Podkarpackie	krośnieński
278	Łagów (2)	Lubuskie	świebodziński
279	Sierakowice (2)	Pomorskie	kartuski
280	Horyniec-Zdrój (2)	Podkarpackie	lubaczowski
281	Czernichów (2)	Małopolskie	krakowski
282	Łękawica (2)	Śląskie	żywiecki
283	Stara Kiszewa (2)	Pomorskie	kościerski
284	Jeleśnia (2)	Śląskie	żywiecki
285	Solec-Zdrój (2)	Świętokrzyskie	buski
286	Kijewo Królewskie (2)	Kujawsko-pomorskie	chełmiński
287	Strzyżewice (2)	Lubelskie	lubelski
288	Damnica (2)	Pomorskie	słupski
289	Lipnica (2)	Pomorskie	bytowski
290	Jeżewo (2)	Kujawsko-pomorskie	świecki
291	Dąbrówka (2)	Mazowieckie	wołomiński
292	Łubniany (2)	Opolskie	opolski
293	Gołuchów (2)	Wielkopolskie	pleszewski
294	Krościenko nad Dunajcem (2)	Małopolskie	nowotarski
295	Cekcyn (2)	Kujawsko-pomorskie	tucholski
296	Przytoczna (2)	Lubuskie	międzyrzecki
297	Cisna (2)	Podkarpackie	leski
298	Końskowola (2)	Lubelskie	puławski
299	Zakrzewo (2)	Wielkopolskie	złotowski
300	Garwolin (2)	Mazowieckie	garwoliński
301	Andrespol (2)	Łódzkie	łódzki wschodni
302	Strzałkowo (2)	Wielkopolskie	słupecki
303	Unisław (2)	Kujawsko-pomorskie	chełmiński
304	Wierzchowo (2)	Zachodniopomorskie	drawski
305	Sońsk (2)	Mazowieckie	ciechanowski
306	Bukowina Tatrzańska (2)	Małopolskie	tatrzański
307	Siemyśl (2)	Zachodniopomorskie	kołobrzeski
308	Stanisławów (2)	Mazowieckie	miński
309	Szumowo (2)	Podlaskie	zambrowski
310	Paszowice (2)	Dolnośląskie	jaworski
311	Kamieniec Ząbkowicki (2)	Dolnośląskie	ząbkowicki
312	Ceków-Kolonia (2)	Wielkopolskie	kaliski
313	Zembrzyce (2)	Małopolskie	suski
314	Lubiewo (2)	Kujawsko-pomorskie	tucholski
315	Żagań (2)	Lubuskie	żagański
316	Kazimierz Biskupi (2)	Wielkopolskie	koniński
317	Kwilcz (2)	Wielkopolskie	międzychodzki
318	Kotlin (2)	Wielkopolskie	jarociński
319	Głusk (2)	Lubelskie	lubelski
320	Gorzyce (2)	Śląskie	wodzisławski
321	Cedry Wielkie (2)	Pomorskie	gdański
322	Stara Biała (2)	Mazowieckie	płocki
323	Wartkowice (2)	Łódzkie	poddębicki
324	Stolno (2)	Kujawsko-pomorskie	chełmiński
325	Klembów (2)	Mazowieckie	wołomiński
326	Trzebieszów (2)	Lubelskie	łukowski
327	Bestwina (2)	Śląskie	bielski
328	Goleszów (2)	Śląskie	cieszyński
329	Gostycyn (2)	Kujawsko-pomorskie	tucholski
330	Michałowice (2)	Małopolskie	krakowski
331	Jastków (2)	Lubelskie	lubelski
332	Szydłowo (2)	Wielkopolskie	pilski
333	Sobolew (2)	Mazowieckie	garwoliński
334	Komprachcice (2)	Opolskie	opolski
335	Sicienko (2)	Kujawsko-pomorskie	bydgoski
336	Fabianki (2)	Kujawsko-pomorskie	włocławski
337	Bogdaniec (2)	Lubuskie	gorzowski
338	Studzienice (2)	Pomorskie	bytowski
339	Kiszkowo (2)	Wielkopolskie	gnieźnieński
340	Mszana (2)	Śląskie	wodzisławski
341	Otyń (2)	Lubuskie	nowosolski
342	Kraszewice (2)	Wielkopolskie	ostrzeszowski
343	Klucze (2)	Małopolskie	olkuski
344	Kłaj (2)	Małopolskie	wielicki
345	Olszanka (2)	Opolskie	brzeski
346	Ostrów Wielkopolski (2)	Wielkopolskie	ostrowski
347	Dobrcz (2)	Kujawsko-pomorskie	bydgoski
348	Strzegowo (2)	Mazowieckie	mławski
349	Ostrów (2)	Podkarpackie	ropczycko-sędziszowski
350	Mucharz (2)	Małopolskie	wadowicki
351	Godów (2)	Śląskie	wodzisławski
352	Siepraw (2)	Małopolskie	myślenicki
353	Łańcut (2)	Podkarpackie	łańcucki
354	Lisków (2)	Wielkopolskie	kaliski
355	Przystajń (2)	Śląskie	kłobucki
356	Świętajno (2)	Warmińsko-mazurskie	szczycieński
357	Jasienica (2)	Śląskie	bielski
358	Łubianka (2)	Kujawsko-pomorskie	toruński
359	Zławieś Wielka (2)	Kujawsko-pomorskie	toruński
360	Wręczyca Wielka (2)	Śląskie	kłobucki
361	Brenna (2)	Śląskie	cieszyński
362	Białobrzegi (2)	Podkarpackie	łańcucki
363	Obrowo (2)	Kujawsko-pomorskie	toruński
364	Żary (2)	Lubuskie	żarski
365	Tworóg (2)	Śląskie	tarnogórski
366	Puławy (2)	Lubelskie	puławski
367	Jedwabno (2)	Warmińsko-mazurskie	szczycieński
368	Hajnówka (2)	Podlaskie	hajnowski
369	Bochnia (2)	Małopolskie	bocheński
370	Żyraków (2)	Podkarpackie	dębicki
371	Wądroże Wielkie (2)	Dolnośląskie	jaworski
372	Płużnica (2)	Kujawsko-pomorskie	wąbrzeski
373	Pruszcz (2)	Kujawsko-pomorskie	świecki
374	Bolimów (2)	Łódzkie	skierniewicki
375	Mieścisko (2)	Wielkopolskie	wągrowiecki
376	Tarnów Opolski (2)	Opolskie	opolski
377	Puńsk (2)	Podlaskie	sejneński
378	Białośliwie (2)	Wielkopolskie	pilski
379	Polska Cerekiew (2)	Opolskie	kędzierzyńsko-kozielski
380	Miedziana Góra (2)	Świętokrzyskie	kielecki
381	Mysłakowice (2)	Dolnośląskie	jeleniogórski
382	Trzcinica (2)	Wielkopolskie	kępiński
383	Zebrzydowice (2)	Śląskie	cieszyński
384	Wólka (2)	Lubelskie	lubelski
385	Miasteczko Krajeńskie (2)	Wielkopolskie	pilski
386	Jarocin (2)	Podkarpackie	niżański
387	Rzekuń (2)	Mazowieckie	ostrołęcki
388	Rozdrażew (2)	Wielkopolskie	krotoszyński
389	Cewice (2)	Pomorskie	lęborski
390	Dębe Wielkie (2)	Mazowieckie	miński
391	Kościelisko (2)	Małopolskie	tatrzański
392	Łubnice (2)	Łódzkie	wieruszowski
393	Marklowice (2)	Śląskie	wodzisławski
394	Górzyca (2)	Lubuskie	słubicki
395	Skórzec (2)	Mazowieckie	siedlecki
396	Tuczępy (2)	Świętokrzyskie	buski
397	Rokiciny (2)	Łódzkie	tomaszowski
398	Głogów (2)	Dolnośląskie	głogowski
399	Masłów (2)	Świętokrzyskie	kielecki
400	Kamienna Góra (2)	Dolnośląskie	kamiennogórski
401	Strawczyn (2)	Świętokrzyskie	kielecki
402	Damasławek (2)	Wielkopolskie	wągrowiecki
403	Chybie (2)	Śląskie	cieszyński
404	Biłgoraj (2)	Lubelskie	biłgorajski
405	Nowe Miasto Lubawskie (2)	Warmińsko-mazurskie	nowomiejski
406	Mietków (2)	Dolnośląskie	wrocławski
407	Brochów (2)	Mazowieckie	sochaczewski
408	Nowa Wieś Lęborska (2)	Pomorskie	lęborski
409	Łukta (2)	Warmińsko-mazurskie	ostródzki
410	Rymań (2)	Zachodniopomorskie	kołobrzeski
411	Dragacz (2)	Kujawsko-pomorskie	świecki
412	Dąbrowa (2)	Opolskie	opolski
413	Dąbrowa (2)	Kujawsko-pomorskie	mogileński
414	Jabłonna (2)	Mazowieckie	legionowski
415	Mielec (2)	Podkarpackie	mielecki
416	Wielowieś (2)	Śląskie	gliwicki
417	Mykanów (2)	Śląskie	częstochowski
418	Rzeczenica (2)	Pomorskie	człuchowski
419	Chrzypsko Wielkie (2)	Wielkopolskie	międzychodzki
420	Świdnica (2)	Dolnośląskie	świdnicki
421	Górzno (2)	Mazowieckie	garwoliński
422	Obrzycko (2)	Wielkopolskie	szamotulski
423	Winnica (2)	Mazowieckie	pułtuski
424	Stargard (2)	Zachodniopomorskie	stargardzki
425	Karsin (2)	Pomorskie	kościerski
426	Siekierczyn (2)	Dolnośląskie	lubański
427	Nowe Miasto nad Wartą (2)	Wielkopolskie	średzki
428	Lipusz (2)	Pomorskie	kościerski
429	Skrzyszów (2)	Małopolskie	tarnowski
430	Fałków (2)	Świętokrzyskie	konecki
431	Dobrzyniewo Duże (2)	Podlaskie	białostocki
432	Miedzichowo (2)	Wielkopolskie	nowotomyski
433	Oświęcim (2)	Małopolskie	oświęcimski
434	Żurawica (2)	Podkarpackie	przemyski
435	Nowa Sucha (2)	Mazowieckie	sochaczewski
436	Orły (2)	Podkarpackie	przemyski
437	Sieradz (2)	Łódzkie	sieradzki
438	Krasocin (2)	Świętokrzyskie	włoszczowski
439	Kostomłoty (2)	Dolnośląskie	średzki
440	Jarosław (2)	Podkarpackie	jarosławski
441	Brody (2)	Świętokrzyskie	starachowicki
442	Cegłów (2)	Mazowieckie	miński
443	Niemce (2)	Lubelskie	lubelski
444	Gilowice (2)	Śląskie	żywiecki
445	Branice (2)	Opolskie	głubczycki
446	Walce (2)	Opolskie	krapkowicki
447	Sławno (2)	Łódzkie	opoczyński
448	Porąbka (2)	Śląskie	bielski
449	Rudziniec (2)	Śląskie	gliwicki
450	Krotoszyce (2)	Dolnośląskie	legnicki
451	Gaszowice (2)	Śląskie	rybnicki
452	Starcza (2)	Śląskie	częstochowski
453	Rusiec (2)	Łódzkie	bełchatowski
454	Rudniki (2)	Opolskie	oleski
455	Wierzchosławice (2)	Małopolskie	tarnowski
456	Nowy Kawęczyn (2)	Łódzkie	skierniewicki
457	Mierzęcice (2)	Śląskie	będziński
458	Księżpol (2)	Lubelskie	biłgorajski
459	Kołczygłowy (2)	Pomorskie	bytowski
460	Boleszkowice (2)	Zachodniopomorskie	myśliborski
461	Złotniki Kujawskie (2)	Kujawsko-pomorskie	inowrocławski
462	Malczyce (2)	Dolnośląskie	średzki
463	Pomiechówek (2)	Mazowieckie	nowodworski
464	Lubiszyn (2)	Lubuskie	gorzowski
465	Lubasz (2)	Wielkopolskie	czarnkowsko-trzcianecki
466	Malbork (2)	Pomorskie	malborski
467	Galewice (2)	Łódzkie	wieruszowski
468	Chełmiec (2)	Małopolskie	nowosądecki
469	Koczała (2)	Pomorskie	człuchowski
470	Świerzno (2)	Zachodniopomorskie	kamieński
471	Sławoborze (2)	Zachodniopomorskie	świdwiński
472	Turek (2)	Wielkopolskie	turecki
473	Lewin Kłodzki (2)	Dolnośląskie	kłodzki
474	Drzycim (2)	Kujawsko-pomorskie	świecki
475	Konarzyny (2)	Pomorskie	chojnicki
476	Garbatka-Letnisko (2)	Mazowieckie	kozienicki
477	Dominowo (2)	Wielkopolskie	średzki
478	Przygodzice (2)	Wielkopolskie	ostrowski
479	Korczyna (2)	Podkarpackie	krośnieński
480	Ryczywół (2)	Wielkopolskie	obornicki
481	Kęsowo (2)	Kujawsko-pomorskie	tucholski
482	Haźlach (2)	Śląskie	cieszyński
483	Radziechowy-Wieprz (2)	Śląskie	żywiecki
484	Stare Pole (2)	Pomorskie	malborski
485	Rychtal (2)	Wielkopolskie	kępiński
486	Rogowo (2)	Kujawsko-pomorskie	żniński
487	Mstów (2)	Śląskie	częstochowski
488	Łomża (2)	Podlaskie	łomżyński
489	Parzęczew (2)	Łódzkie	zgierski
490	Raciążek (2)	Kujawsko-pomorskie	aleksandrowski
491	Luzino (2)	Pomorskie	wejherowski
492	Wieczfnia Kościelna (2)	Mazowieckie	mławski
493	Męcinka (2)	Dolnośląskie	jaworski
494	Człuchów (2)	Pomorskie	człuchowski
495	Piecki (2)	Warmińsko-mazurskie	mrągowski
496	Lgota Wielka (2)	Łódzkie	radomszczański
497	Kruklanki (2)	Warmińsko-mazurskie	giżycki
498	Jeziorzany (2)	Lubelskie	lubartowski
499	Gródek (2)	Podlaskie	białostocki
500	Zgierz (2)	Łódzkie	zgierski
501	Besko (2)	Podkarpackie	sanocki
502	Dolice (2)	Zachodniopomorskie	stargardzki
503	Lyski (2)	Śląskie	rybnicki
504	Włodawa (2)	Lubelskie	włodawski
505	Niwiska (2)	Podkarpackie	kolbuszowski
506	Linia (2)	Pomorskie	wejherowski
507	Trzebielino (2)	Pomorskie	bytowski
508	Koniusza (2)	Małopolskie	proszowicki
509	Wałcz (2)	Zachodniopomorskie	wałecki
510	Wiązownica (2)	Podkarpackie	jarosławski
511	Spytkowice (2)	Małopolskie	nowotarski
512	Sulęczyno (2)	Pomorskie	kartuski
513	Lipowa (2)	Śląskie	żywiecki
514	Szydłów (2)	Świętokrzyskie	staszowski
515	Padew Narodowa (2)	Podkarpackie	mielecki
516	Rząśnik (2)	Mazowieckie	wyszkowski
517	Dębnica Kaszubska (2)	Pomorskie	słupski
518	Krzemieniewo (2)	Wielkopolskie	leszczyński
519	Radomsko (2)	Łódzkie	radomszczański
520	Przyrów (2)	Śląskie	częstochowski
521	Łyszkowice (2)	Łódzkie	łowicki
522	Aleksandrów (2)	Lubelskie	biłgorajski
523	Baboszewo (2)	Mazowieckie	płoński
524	Kuźnica (2)	Podlaskie	sokólski
525	Kije (2)	Świętokrzyskie	pińczowski
526	Trąbki Wielkie (2)	Pomorskie	gdański
527	Brudzew (2)	Wielkopolskie	turecki
528	Koźminek (2)	Wielkopolskie	kaliski
529	Subkowy (2)	Pomorskie	tczewski
530	Rakszawa (2)	Podkarpackie	łańcucki
531	Miłoradz (2)	Pomorskie	malborski
532	Janowo (2)	Warmińsko-mazurskie	nidzicki
533	Lubanie (2)	Kujawsko-pomorskie	włocławski
534	Sławno (2)	Zachodniopomorskie	sławieński
535	Ruja (2)	Dolnośląskie	legnicki
536	Brójce (2)	Łódzkie	łódzki wschodni
537	Czarnków (2)	Wielkopolskie	czarnkowsko-trzcianecki
538	Dębno (2)	Małopolskie	brzeski
539	Łyse (2)	Mazowieckie	ostrołęcki
540	Konopnica (2)	Lubelskie	lubelski
541	Zakrzewo (2)	Kujawsko-pomorskie	aleksandrowski
542	Jeżów Sudecki (2)	Dolnośląskie	jeleniogórski
543	Walim (2)	Dolnośląskie	wałbrzyski
544	Lubsza (2)	Opolskie	brzeski
545	Rudka (2)	Podlaskie	bielski
546	Cyców (2)	Lubelskie	łęczyński
547	Trzebiechów (2)	Lubuskie	zielonogórski
548	Popów (2)	Śląskie	kłobucki
549	Małkinia Górna (2)	Mazowieckie	ostrowski
550	Czastary (2)	Łódzkie	wieruszowski
551	Dąbrowa Chełmińska (2)	Kujawsko-pomorskie	bydgoski
552	Janów (2)	Śląskie	częstochowski
553	Liniewo (2)	Pomorskie	kościerski
554	Warnice (2)	Zachodniopomorskie	pyrzycki
555	Lubawa (2)	Warmińsko-mazurskie	iławski
556	Iłów (2)	Mazowieckie	sochaczewski
557	Rzezawa (2)	Małopolskie	bocheński
558	Raniżów (2)	Podkarpackie	kolbuszowski
559	Kowiesy (2)	Łódzkie	skierniewicki
560	Ostaszewo (2)	Pomorskie	nowodworski
561	Bełchatów (2)	Łódzkie	bełchatowski
562	Kuślin (2)	Wielkopolskie	nowotomyski
563	Golub-Dobrzyń (2)	Kujawsko-pomorskie	golubsko-dobrzyński
564	Krzymów (2)	Wielkopolskie	koniński
565	Będzino (2)	Zachodniopomorskie	koszaliński
566	Komańcza (2)	Podkarpackie	sanocki
567	Uście Gorlickie (2)	Małopolskie	gorlicki
568	Osiek (2)	Małopolskie	oświęcimski
569	Żołynia (2)	Podkarpackie	łańcucki
570	Ozorków (2)	Łódzkie	zgierski
571	Kochanowice (2)	Śląskie	lubliniecki
572	Leżajsk (2)	Podkarpackie	leżajski
573	Potok Górny (2)	Lubelskie	biłgorajski
574	Pawłowiczki (2)	Opolskie	kędzierzyńsko-kozielski
575	Tereszpol (2)	Lubelskie	biłgorajski
576	Oleśnica (2)	Dolnośląskie	oleśnicki
577	Brańszczyk (2)	Mazowieckie	wyszkowski
578	Janowiec (2)	Lubelskie	puławski
579	Udanin (2)	Dolnośląskie	średzki
580	Krzeszów (2)	Podkarpackie	niżański
581	Wadowice Górne (2)	Podkarpackie	mielecki
582	Stryszawa (2)	Małopolskie	suski
583	Morzeszczyn (2)	Pomorskie	tczewski
584	Pokój (2)	Opolskie	namysłowski
585	Jeżów (2)	Łódzkie	brzeziński
586	Murów (2)	Opolskie	opolski
587	Ciepielów (2)	Mazowieckie	lipski
588	Wiśniew (2)	Mazowieckie	siedlecki
589	Bartniczka (2)	Kujawsko-pomorskie	brodnicki
590	Somianka (2)	Mazowieckie	wyszkowski
591	Ełk (2)	Warmińsko-mazurskie	ełcki
592	Wicko (2)	Pomorskie	lęborski
593	Kotla (2)	Dolnośląskie	głogowski
594	Kutno (2)	Łódzkie	kutnowski
595	Raba Wyżna (2)	Małopolskie	nowotarski
596	Zawonia (2)	Dolnośląskie	trzebnicki
597	Mikołajki Pomorskie (2)	Pomorskie	sztumski
598	Gizałki (2)	Wielkopolskie	pleszewski
599	Wieprz (2)	Małopolskie	wadowicki
600	Jemielnica (2)	Opolskie	strzelecki
601	Janów (2)	Podlaskie	sokólski
602	Rybno (2)	Warmińsko-mazurskie	działdowski
603	Rudnik (2)	Śląskie	raciborski
604	Piekoszów (2)	Świętokrzyskie	kielecki
605	Szczytno (2)	Warmińsko-mazurskie	szczycieński
606	Osjaków (2)	Łódzkie	wieluński
607	Milówka (2)	Śląskie	żywiecki
608	Lisia Góra (2)	Małopolskie	tarnowski
609	Ujsoły (2)	Śląskie	żywiecki
610	Kłodzko (2)	Dolnośląskie	kłodzki
611	Mieleszyn (2)	Wielkopolskie	gnieźnieński
612	Lasowice Wielkie (2)	Opolskie	kluczborski
613	Popielów (2)	Opolskie	opolski
614	Roźwienica (2)	Podkarpackie	jarosławski
615	Piszczac (2)	Lubelskie	bialski
616	Świekatowo (2)	Kujawsko-pomorskie	świecki
617	Kamień (2)	Podkarpackie	rzeszowski
618	Wilków (2)	Opolskie	namysłowski
619	Złotów (2)	Wielkopolskie	złotowski
620	Zarzecze (2)	Podkarpackie	przeworski
621	Łagów (2)	Świętokrzyskie	kielecki
622	Dobryszyce (2)	Łódzkie	radomszczański
623	Miłkowice (2)	Dolnośląskie	legnicki
624	Dzierżoniów (2)	Dolnośląskie	dzierżoniowski
625	Przasnysz (2)	Mazowieckie	przasnyski
626	Wojaszówka (2)	Podkarpackie	krośnieński
627	Chełm (2)	Lubelskie	chełmski
628	Zakrzew (2)	Mazowieckie	radomski
629	Łagiewniki (2)	Dolnośląskie	dzierżoniowski
630	Tarnawatka (2)	Lubelskie	tomaszowski
631	Kamieniec (2)	Wielkopolskie	grodziski
632	Adamówka (2)	Podkarpackie	przeworski
633	Gdów (2)	Małopolskie	wielicki
634	Biała Podlaska (2)	Lubelskie	bialski
635	Wapno (2)	Wielkopolskie	wągrowiecki
636	Zabrodzie (2)	Mazowieckie	wyszkowski
637	Borów (2)	Dolnośląskie	strzeliński
638	Stara Dąbrowa (2)	Zachodniopomorskie	stargardzki
639	Raczki (2)	Podlaskie	suwalski
640	Smyków (2)	Świętokrzyskie	konecki
641	Tarnówka (2)	Wielkopolskie	złotowski
642	Kuryłówka (2)	Podkarpackie	leżajski
643	Bakałarzewo (2)	Podlaskie	suwalski
644	Gąsawa (2)	Kujawsko-pomorskie	żniński
645	Skierniewice (2)	Łódzkie	skierniewicki
646	Osieck (2)	Mazowieckie	otwocki
647	Jedlnia-Letnisko (2)	Mazowieckie	radomski
648	Rąbino (2)	Zachodniopomorskie	świdwiński
649	Brzeziny (2)	Łódzkie	brzeziński
650	Krzyżanowice (2)	Śląskie	raciborski
651	Izbicko (2)	Opolskie	strzelecki
652	Świnna (2)	Śląskie	żywiecki
653	Mielnik (2)	Podlaskie	siemiatycki
654	Grabica (2)	Łódzkie	piotrkowski
655	Biskupiec (2)	Warmińsko-mazurskie	nowomiejski
656	Borowie (2)	Mazowieckie	garwoliński
657	Paprotnia (2)	Mazowieckie	siedlecki
658	Lubichowo (2)	Pomorskie	starogardzki
659	Marcinowice (2)	Dolnośląskie	świdnicki
660	Krzyżanów (2)	Łódzkie	kutnowski
661	Rypin (2)	Kujawsko-pomorskie	rypiński
662	Łapanów (2)	Małopolskie	bocheński
663	Lipce Reymontowskie (2)	Łódzkie	skierniewicki
664	Lutomiersk (2)	Łódzkie	pabianicki
665	Smętowo Graniczne (2)	Pomorskie	starogardzki
666	Marciszów (2)	Dolnośląskie	kamiennogórski
667	Jerzmanowice-Przeginia (2)	Małopolskie	krakowski
668	Bielany (2)	Mazowieckie	sokołowski
669	Opatów (2)	Śląskie	kłobucki
670	Prostki (2)	Warmińsko-mazurskie	ełcki
671	Wąsewo (2)	Mazowieckie	ostrowski
672	Sieroszewice (2)	Wielkopolskie	ostrowski
673	Chorkówka (2)	Podkarpackie	krośnieński
674	Piątnica (2)	Podlaskie	łomżyński
675	Zarszyn (2)	Podkarpackie	sanocki
676	Banie (2)	Zachodniopomorskie	gryfiński
677	Markuszów (2)	Lubelskie	puławski
678	Płośnica (2)	Warmińsko-mazurskie	działdowski
679	Ochotnica Dolna (2)	Małopolskie	nowotarski
680	Tomice (2)	Małopolskie	wadowicki
681	Łąck (2)	Mazowieckie	płocki
682	Przeworsk (2)	Podkarpackie	przeworski
683	Rogowo (2)	Kujawsko-pomorskie	rypiński
684	Grębów (2)	Podkarpackie	tarnobrzeski
685	Świecie nad Osą (2)	Kujawsko-pomorskie	grudziądzki
686	Zduny (2)	Łódzkie	łowicki
687	Krzykosy (2)	Wielkopolskie	średzki
688	Chłopice (2)	Podkarpackie	jarosławski
689	Bielsk (2)	Mazowieckie	płocki
690	Drawsko (2)	Wielkopolskie	czarnkowsko-trzcianecki
691	Kocmyrzów-Luborzyca (2)	Małopolskie	krakowski
692	Lisewo (2)	Kujawsko-pomorskie	chełmiński
693	Sułoszowa (2)	Małopolskie	krakowski
694	Ślemień (2)	Śląskie	żywiecki
695	Czeremcha (2)	Podlaskie	hajnowski
696	Kętrzyn (2)	Warmińsko-mazurskie	kętrzyński
697	Kołaczkowo (2)	Wielkopolskie	wrzesiński
698	Nowa Karczma (2)	Pomorskie	kościerski
699	Bielsk Podlaski (2)	Podlaskie	bielski
700	Stryszów (2)	Małopolskie	wadowicki
701	Chełmża (2)	Kujawsko-pomorskie	toruński
702	Sędziejowice (2)	Łódzkie	łaski
703	Przelewice (2)	Zachodniopomorskie	pyrzycki
704	Garbów (2)	Lubelskie	lubelski
705	Pysznica (2)	Podkarpackie	stalowowolski
706	Wągrowiec (2)	Wielkopolskie	wągrowiecki
707	Jabłonna Lacka (2)	Mazowieckie	sokołowski
708	Czarna Dąbrówka (2)	Pomorskie	bytowski
709	Tryńcza (2)	Podkarpackie	przeworski
710	Chmielnik (2)	Podkarpackie	rzeszowski
711	Wijewo (2)	Wielkopolskie	leszczyński
712	Dłutów (2)	Łódzkie	pabianicki
713	Gomunice (2)	Łódzkie	radomszczański
714	Huszlew (2)	Mazowieckie	łosicki
715	Lututów (2)	Łódzkie	wieruszowski
716	Purda (2)	Warmińsko-mazurskie	olsztyński
717	Władysławów (2)	Wielkopolskie	turecki
718	Łowicz (2)	Łódzkie	łowicki
719	Spytkowice (2)	Małopolskie	wadowicki
720	Siennica (2)	Mazowieckie	miński
721	Dzikowiec (2)	Podkarpackie	kolbuszowski
722	Żegocina (2)	Małopolskie	bocheński
723	Książki (2)	Kujawsko-pomorskie	wąbrzeski
724	Szczaniec (2)	Lubuskie	świebodziński
725	Wisznice (2)	Lubelskie	bialski
726	Lelów (2)	Śląskie	częstochowski
727	Krzeszyce (2)	Lubuskie	sulęciński
728	Doruchów (2)	Wielkopolskie	ostrzeszowski
729	Jeżowe (2)	Podkarpackie	niżański
730	Papowo Biskupie (2)	Kujawsko-pomorskie	chełmiński
731	Radomin (2)	Kujawsko-pomorskie	golubsko-dobrzyński
732	Ciechocin (2)	Kujawsko-pomorskie	golubsko-dobrzyński
733	Kluki (2)	Łódzkie	bełchatowski
734	Polanka Wielka (2)	Małopolskie	oświęcimski
735	Krzęcin (2)	Zachodniopomorskie	choszczeński
736	Turośń Kościelna (2)	Podlaskie	białostocki
737	Sękowa (2)	Małopolskie	gorlicki
738	Niechanowo (2)	Wielkopolskie	gnieźnieński
739	Jasło (2)	Podkarpackie	jasielski
740	Markowa (2)	Podkarpackie	łańcucki
741	Czerniewice (2)	Łódzkie	tomaszowski
742	Zaleszany (2)	Podkarpackie	stalowowolski
743	Kamionka Wielka (2)	Małopolskie	nowosądecki
744	Choczewo (2)	Pomorskie	wejherowski
745	Ładzice (2)	Łódzkie	radomszczański
746	Stara Kamienica (2)	Dolnośląskie	jeleniogórski
747	Poronin (2)	Małopolskie	tatrzański
748	Wiślica (2)	Świętokrzyskie	buski
749	Chojnów (2)	Dolnośląskie	legnicki
750	Słupca (2)	Wielkopolskie	słupecki
751	Niedrzwica Duża (2)	Lubelskie	lubelski
752	Stary Dzików (2)	Podkarpackie	lubaczowski
753	Chodów (2)	Wielkopolskie	kolski
754	Pawłosiów (2)	Podkarpackie	jarosławski
755	Jordanów Śląski (2)	Dolnośląskie	wrocławski
756	Rzgów (2)	Wielkopolskie	koniński
757	Kobylin-Borzymy (2)	Podlaskie	wysokomazowiecki
758	Godzianów (2)	Łódzkie	skierniewicki
759	Czudec (2)	Podkarpackie	strzyżowski
760	Poświętne (2)	Podlaskie	białostocki
761	Paradyż (2)	Łódzkie	opoczyński
762	Hańsk (2)	Lubelskie	włodawski
763	Koszarawa (2)	Śląskie	żywiecki
764	Adamów (2)	Lubelskie	zamojski
765	Łambinowice (2)	Opolskie	nyski
766	Przybiernów (2)	Zachodniopomorskie	goleniowski
767	Wilczyn (2)	Wielkopolskie	koniński
768	Głuchów (2)	Łódzkie	skierniewicki
769	Sokoły (2)	Podlaskie	wysokomazowiecki
770	Krasiczyn (2)	Podkarpackie	przemyski
771	Baranów (2)	Mazowieckie	grodziski
772	Sadki (2)	Kujawsko-pomorskie	nakielski
773	Narewka (2)	Podlaskie	hajnowski
774	Osiek Mały (2)	Wielkopolskie	kolski
775	Radzanów (2)	Mazowieckie	mławski
776	Babiak (2)	Wielkopolskie	kolski
777	Tuszów Narodowy (2)	Podkarpackie	mielecki
778	Zbiczno (2)	Kujawsko-pomorskie	brodnicki
779	Książ Wielki (2)	Małopolskie	miechowski
780	Bytnica (2)	Lubuskie	krośnieński
781	Główczyce (2)	Pomorskie	słupski
782	Prażmów (2)	Mazowieckie	piaseczyński
783	Ostrowite (2)	Wielkopolskie	słupecki
784	Rokietnica (2)	Podkarpackie	jarosławski
785	Wohyń (2)	Lubelskie	radzyński
786	Jedlińsk (2)	Mazowieckie	radomski
787	Milejów (2)	Lubelskie	łęczyński
788	Domaniewice (2)	Łódzkie	łowicki
789	Rawa Mazowiecka (2)	Łódzkie	rawski
790	Kamienica (2)	Małopolskie	limanowski
791	Czajków (2)	Wielkopolskie	ostrzeszowski
792	Gorzkowice (2)	Łódzkie	piotrkowski
793	Rajcza (2)	Śląskie	żywiecki
794	Grabów nad Pilicą (2)	Mazowieckie	kozienicki
795	Kościelec (2)	Wielkopolskie	kolski
796	Godziesze Wielkie (2)	Wielkopolskie	kaliski
797	Dębowa Łąka (2)	Kujawsko-pomorskie	wąbrzeski
798	Wąwolnica (2)	Lubelskie	puławski
799	Dmosin (2)	Łódzkie	brzeziński
800	Słopnice (2)	Małopolskie	limanowski
801	Rogóźno (2)	Kujawsko-pomorskie	grudziądzki
802	Gardeja (2)	Pomorskie	kwidzyński
803	Chodel (2)	Lubelskie	opolski
804	Bądkowo (2)	Kujawsko-pomorskie	aleksandrowski
805	Leoncin (2)	Mazowieckie	nowodworski
806	Malechowo (2)	Zachodniopomorskie	sławieński
807	Parchowo (2)	Pomorskie	bytowski
808	Lipinki Łużyckie (2)	Lubuskie	żarski
809	Babice (2)	Małopolskie	chrzanowski
810	Stoczek Łukowski (2)	Lubelskie	łukowski
811	Brąszewice (2)	Łódzkie	sieradzki
812	Łapsze Niżne (2)	Małopolskie	nowotarski
813	Iłowo-Osada (2)	Warmińsko-mazurskie	działdowski
814	Choceń (2)	Kujawsko-pomorskie	włocławski
815	Szypliszki (2)	Podlaskie	suwalski
816	Jasienica Rosielna (2)	Podkarpackie	brzozowski
817	Strzeleczki (2)	Opolskie	krapkowicki
818	Białaczów (2)	Łódzkie	opoczyński
819	Raków (2)	Świętokrzyskie	kielecki
820	Kondratowice (2)	Dolnośląskie	strzeliński
821	Istebna (2)	Śląskie	cieszyński
822	Adamów (2)	Lubelskie	łukowski
823	Biały Dunajec (2)	Małopolskie	tatrzański
824	Stromiec (2)	Mazowieckie	białobrzeski
825	Karnice (2)	Zachodniopomorskie	gryficki
826	Połajewo (2)	Wielkopolskie	czarnkowsko-trzcianecki
827	Gać (2)	Podkarpackie	przeworski
828	Lubień (2)	Małopolskie	myślenicki
829	Mokobody (2)	Mazowieckie	siedlecki
830	Skoroszyce (2)	Opolskie	nyski
831	Koszyce (2)	Małopolskie	proszowicki
832	Lichnowy (2)	Pomorskie	malborski
833	Klukowo (2)	Podlaskie	wysokomazowiecki
834	Krzywda (2)	Lubelskie	łukowski
835	Miedźno (2)	Śląskie	kłobucki
836	Janowice Wielkie (2)	Dolnośląskie	jeleniogórski
837	Pionki (2)	Mazowieckie	radomski
838	Srokowo (2)	Warmińsko-mazurskie	kętrzyński
839	Brzeźnio (2)	Łódzkie	sieradzki
840	Puszcza Mariańska (2)	Mazowieckie	żyrardowski
841	Lipka (2)	Wielkopolskie	złotowski
842	Grodziczno (2)	Warmińsko-mazurskie	nowomiejski
843	Stare Bogaczowice (2)	Dolnośląskie	wałbrzyski
844	Jeziora Wielkie (2)	Kujawsko-pomorskie	mogileński
845	Raciąż (2)	Mazowieckie	płoński
846	Miastków Kościelny (2)	Mazowieckie	garwoliński
847	Zbuczyn (2)	Mazowieckie	siedlecki
848	Nowa Ruda (2)	Dolnośląskie	kłodzki
849	Drużbice (2)	Łódzkie	bełchatowski
850	Górno (2)	Świętokrzyskie	kielecki
851	Łuków (2)	Lubelskie	łukowski
852	Brzeziny (2)	Wielkopolskie	kaliski
853	Warlubie (2)	Kujawsko-pomorskie	świecki
854	Wilga (2)	Mazowieckie	garwoliński
855	Kłomnice (2)	Śląskie	częstochowski
856	Pawonków (2)	Śląskie	lubliniecki
857	Radzanowo (2)	Mazowieckie	płocki
858	Widuchowa (2)	Zachodniopomorskie	gryfiński
859	Milejewo (2)	Warmińsko-mazurskie	elbląski
860	Ryjewo (2)	Pomorskie	kwidzyński
861	Bierzwnik (2)	Zachodniopomorskie	choszczeński
862	Miedzna (2)	Mazowieckie	węgrowski
863	Iwierzyce (2)	Podkarpackie	ropczycko-sędziszowski
864	Małdyty (2)	Warmińsko-mazurskie	ostródzki
865	Przeciszów (2)	Małopolskie	oświęcimski
866	Gołcza (2)	Małopolskie	miechowski
867	Gródek nad Dunajcem (2)	Małopolskie	nowosądecki
868	Sobków (2)	Świętokrzyskie	jędrzejowski
869	Kozielice (2)	Zachodniopomorskie	pyrzycki
870	Czarna (2)	Podkarpackie	dębicki
871	Bojadła (2)	Lubuskie	zielonogórski
872	Wielgomłyny (2)	Łódzkie	radomszczański
873	Tuplice (2)	Lubuskie	żarski
874	Wiśniowa (2)	Małopolskie	myślenicki
875	Nowy Korczyn (2)	Świętokrzyskie	buski
876	Lubaczów (2)	Podkarpackie	lubaczowski
877	Sienno (2)	Mazowieckie	lipski
878	Gorlice (2)	Małopolskie	gorlicki
879	Nowy Targ (2)	Małopolskie	nowotarski
880	Bogoria (2)	Świętokrzyskie	staszowski
881	Cmolas (2)	Podkarpackie	kolbuszowski
882	Rejowiec (2)	Lubelskie	chełmski
883	Błędów (2)	Mazowieckie	grójecki
884	Stoszowice (2)	Dolnośląskie	ząbkowicki
885	Grzmiąca (2)	Zachodniopomorskie	szczecinecki
886	Nowa Słupia (2)	Świętokrzyskie	kielecki
887	Kurów (2)	Lubelskie	puławski
888	Goraj (2)	Lubelskie	biłgorajski
889	Rytwiany (2)	Świętokrzyskie	staszowski
890	Łącko (2)	Małopolskie	nowosądecki
891	Kraśniczyn (2)	Lubelskie	krasnostawski
892	Ciepłowody (2)	Dolnośląskie	ząbkowicki
893	Krasne (2)	Mazowieckie	przasnyski
894	Gidle (2)	Łódzkie	radomszczański
895	Baruchowo (2)	Kujawsko-pomorskie	włocławski
896	Wodzierady (2)	Łódzkie	łaski
897	Krypno (2)	Podlaskie	moniecki
898	Brzozie (2)	Kujawsko-pomorskie	brodnicki
899	Maków (2)	Łódzkie	skierniewicki
900	Bobrowo (2)	Kujawsko-pomorskie	brodnicki
901	Skołyszyn (2)	Podkarpackie	jasielski
902	Szulborze Wielkie (2)	Mazowieckie	ostrowski
903	Lądek (2)	Wielkopolskie	słupecki
904	Świdwin (2)	Zachodniopomorskie	świdwiński
905	Stubno (2)	Podkarpackie	przemyski
906	Secemin (2)	Świętokrzyskie	włoszczowski
907	Chynów (2)	Mazowieckie	grójecki
908	Dobre (2)	Mazowieckie	miński
909	Spiczyn (2)	Lubelskie	łęczyński
910	Grybów (2)	Małopolskie	nowosądecki
911	Baranów (2)	Lubelskie	puławski
912	Osiek (2)	Kujawsko-pomorskie	brodnicki
913	Zbójno (2)	Kujawsko-pomorskie	golubsko-dobrzyński
914	Daszyna (2)	Łódzkie	łęczycki
915	Baranowo (2)	Mazowieckie	ostrołęcki
916	Trawniki (2)	Lubelskie	świdnicki
917	Iwanowice (2)	Małopolskie	krakowski
918	Słupia (Konecka) (2)	Świętokrzyskie	konecki
919	Charsznica (2)	Małopolskie	miechowski
920	Susiec (2)	Lubelskie	tomaszowski
921	Mokrsko (2)	Łódzkie	wieluński
922	Mrągowo (2)	Warmińsko-mazurskie	mrągowski
923	Łopuszno (2)	Świętokrzyskie	kielecki
924	Czermin (2)	Wielkopolskie	pleszewski
925	Radowo Małe (2)	Zachodniopomorskie	łobeski
926	Magnuszew (2)	Mazowieckie	kozienicki
927	Mełgiew (2)	Lubelskie	świdnicki
928	Ryńsk (2)	Kujawsko-pomorskie	wąbrzeski
929	Ostrów Mazowiecka (2)	Mazowieckie	ostrowski
930	Lanckorona (2)	Małopolskie	wadowicki
931	Niegowa (2)	Śląskie	myszkowski
932	Ostrowice (2)	Zachodniopomorskie	drawski
933	Lubenia (2)	Podkarpackie	rzeszowski
934	Kadzidło (2)	Mazowieckie	ostrołęcki
935	Nawojowa (2)	Małopolskie	nowosądecki
936	Bałtów (2)	Świętokrzyskie	ostrowiecki
937	Zalesie (2)	Lubelskie	bialski
938	Laszki (2)	Podkarpackie	jarosławski
939	Sarnaki (2)	Mazowieckie	łosicki
940	Sośnie (2)	Wielkopolskie	ostrowski
941	Suchy Dąb (2)	Pomorskie	gdański
942	Płoskinia (2)	Warmińsko-mazurskie	braniewski
943	Łopiennik Górny (2)	Lubelskie	krasnostawski
944	Baćkowice (2)	Świętokrzyskie	opatowski
945	Opatowiec (2)	Świętokrzyskie	kazimierski
946	Siennica Różana (2)	Lubelskie	krasnostawski
947	Łososina Dolna (2)	Małopolskie	nowosądecki
948	Radziejów (2)	Kujawsko-pomorskie	radziejowski
949	Lelis (2)	Mazowieckie	ostrołęcki
950	Mirzec (2)	Świętokrzyskie	starachowicki
951	Trzyciąż (2)	Małopolskie	olkuski
952	Koło (2)	Wielkopolskie	kolski
953	Kotuń (2)	Mazowieckie	siedlecki
954	Oleśnica (2)	Świętokrzyskie	staszowski
955	Kodrąb (2)	Łódzkie	radomszczański
956	Aleksandrów Kujawski (2)	Kujawsko-pomorskie	aleksandrowski
957	Skarżysko Kościelne (2)	Świętokrzyskie	skarżyski
958	Żarnowiec (2)	Śląskie	zawierciański
959	Jadów (2)	Mazowieckie	wołomiński
960	Wodynie (2)	Mazowieckie	siedlecki
961	Łączna (2)	Świętokrzyskie	skarżyski
962	Mniszków (2)	Łódzkie	opoczyński
963	Domanice (2)	Mazowieckie	siedlecki
964	Żyrzyn (2)	Lubelskie	puławski
965	Pniewy (2)	Mazowieckie	grójecki
966	Tomaszów Lubelski (2)	Lubelskie	tomaszowski
967	Skomlin (2)	Łódzkie	wieluński
968	Rybno (2)	Mazowieckie	sochaczewski
969	Stanin (2)	Lubelskie	łukowski
970	Borowa (2)	Podkarpackie	mielecki
971	Repki (2)	Mazowieckie	sokołowski
972	Gozdowo (2)	Mazowieckie	sierpecki
973	Konstantynów (2)	Lubelskie	bialski
974	Złota (2)	Świętokrzyskie	pińczowski
975	Masłowice (2)	Łódzkie	radomszczański
976	Szydłowo (2)	Mazowieckie	mławski
977	Białogard (2)	Zachodniopomorskie	białogardzki
978	Grodzisko Dolne (2)	Podkarpackie	leżajski
979	Rutki (2)	Podlaskie	zambrowski
980	Jordanów (2)	Małopolskie	suski
981	Zagrodno (2)	Dolnośląskie	złotoryjski
982	Obsza (2)	Lubelskie	biłgorajski
983	Wymiarki (2)	Lubuskie	żagański
984	Radków (2)	Świętokrzyskie	włoszczowski
985	Latowicz (2)	Mazowieckie	miński
986	Widawa (2)	Łódzkie	łaski
987	Grudusk (2)	Mazowieckie	ciechanowski
988	Strzelce (2)	Łódzkie	kutnowski
989	Olszewo-Borki (2)	Mazowieckie	ostrołęcki
990	Fajsławice (2)	Lubelskie	krasnostawski
991	Bieliny (2)	Świętokrzyskie	kielecki
992	Biskupice (2)	Małopolskie	wielicki
993	Kiełczygłów (2)	Łódzkie	pajęczański
994	Szczecinek (2)	Zachodniopomorskie	szczecinecki
995	Jodłownik (2)	Małopolskie	limanowski
996	Rozprza (2)	Łódzkie	piotrkowski
997	Zamość (2)	Lubelskie	zamojski
998	Gnojno (2)	Świętokrzyskie	buski
999	Pawłów (2)	Świętokrzyskie	starachowicki
1000	Ludwin (2)	Lubelskie	łęczyński
1001	Sabnie (2)	Mazowieckie	sokołowski
1002	Szczytniki (2)	Wielkopolskie	kaliski
1003	Dobromierz (2)	Dolnośląskie	świdnicki
1004	Leśniowice (2)	Lubelskie	chełmski
1005	Śniadowo (2)	Podlaskie	łomżyński
1006	Zawoja (2)	Małopolskie	suski
1007	Wierzchlas (2)	Łódzkie	wieluński
1008	Dorohusk (2)	Lubelskie	chełmski
1009	Urszulin (2)	Lubelskie	włodawski
1010	Jastrzębia (2)	Mazowieckie	radomski
1011	Kluczewsko (2)	Świętokrzyskie	włoszczowski
1012	Zaręby Kościelne (2)	Mazowieckie	ostrowski
1013	Stara Kornica (2)	Mazowieckie	łosicki
1014	Gzy (2)	Mazowieckie	pułtuski
1015	Samborzec (2)	Świętokrzyskie	sandomierski
1016	Kruszyna (2)	Śląskie	częstochowski
1017	Szaflary (2)	Małopolskie	nowotarski
1018	Ręczno (2)	Łódzkie	piotrkowski
1019	Dąbrowa Biskupia (2)	Kujawsko-pomorskie	inowrocławski
1020	Konopnica (2)	Łódzkie	wieluński
1021	Trzebiel (2)	Lubuskie	żarski
1022	Stary Lubotyń (2)	Mazowieckie	ostrowski
1023	Skórcz (2)	Pomorskie	starogardzki
1024	Nędza (2)	Śląskie	raciborski
1025	Sulików (2)	Dolnośląskie	zgorzelecki
1026	Czernikowo (2)	Kujawsko-pomorskie	toruński
1027	Korycin (2)	Podlaskie	sokólski
1028	Wierzbica (2)	Mazowieckie	radomski
1029	Wiskitki (2)	Mazowieckie	żyrardowski
1030	Haczów (2)	Podkarpackie	brzozowski
1031	Zwierzyn (2)	Lubuskie	strzelecko-drezdenecki
1032	Ulhówek (2)	Lubelskie	tomaszowski
1033	Miłki (2)	Warmińsko-mazurskie	giżycki
1034	Witonia (2)	Łódzkie	łęczycki
1035	Lipnica Wielka (2)	Małopolskie	nowotarski
1036	Czerwin (2)	Mazowieckie	ostrołęcki
1037	Wola Mysłowska (2)	Lubelskie	łukowski
1038	Rutka-Tartak (2)	Podlaskie	suwalski
1039	Wodzisław (2)	Świętokrzyskie	jędrzejowski
1040	Rojewo (2)	Kujawsko-pomorskie	inowrocławski
1041	Żelechlinek (2)	Łódzkie	tomaszowski
1042	Wilkołaz (2)	Lubelskie	kraśnicki
1043	Bodzechów (2)	Świętokrzyskie	ostrowiecki
1044	Wiśniewo (2)	Mazowieckie	mławski
1045	Lubomino (2)	Warmińsko-mazurskie	lidzbarski
1046	Regnów (2)	Łódzkie	rawski
1047	Dąbie (2)	Lubuskie	krośnieński
1048	Hyżne (2)	Podkarpackie	rzeszowski
1049	Łanięta (2)	Łódzkie	kutnowski
1050	Cielądz (2)	Łódzkie	rawski
1051	Pacanów (2)	Świętokrzyskie	buski
1052	Piątek (2)	Łódzkie	łęczycki
1053	Rogów (2)	Łódzkie	brzeziński
1054	Grajewo (2)	Podlaskie	grajewski
1055	Obryte (2)	Mazowieckie	pułtuski
1056	Liw (2)	Mazowieckie	węgrowski
1057	Laskowa (2)	Małopolskie	limanowski
1058	Nowy Dwór (2)	Podlaskie	sokólski
1059	Osięciny (2)	Kujawsko-pomorskie	radziejowski
1060	Krzczonów (2)	Lubelskie	lubelski
1061	Grzegorzew (2)	Wielkopolskie	kolski
1062	Bojanów (2)	Podkarpackie	stalowowolski
1063	Dziadowa Kłoda (2)	Dolnośląskie	oleśnicki
1064	Płońsk (2)	Mazowieckie	płoński
1065	Wydminy (2)	Warmińsko-mazurskie	giżycki
1066	Łomazy (2)	Lubelskie	bialski
1067	Wielopole Skrzyńskie (2)	Podkarpackie	ropczycko-sędziszowski
1068	Pakosławice (2)	Opolskie	nyski
1069	Bobowo (2)	Pomorskie	starogardzki
1070	Sochocin (2)	Mazowieckie	płoński
1071	Radłów (2)	Opolskie	oleski
1072	Drwinia (2)	Małopolskie	bocheński
1073	Michów (2)	Lubelskie	lubartowski
1074	Radziemice (2)	Małopolskie	proszowicki
1075	Dąbrówno (2)	Warmińsko-mazurskie	ostródzki
1076	Korytnica (2)	Mazowieckie	węgrowski
1077	Brudzeń Duży (2)	Mazowieckie	płocki
1078	Łaskarzew (2)	Mazowieckie	garwoliński
1079	Wielbark (2)	Warmińsko-mazurskie	szczycieński
1080	Bodzanów (2)	Mazowieckie	płocki
1081	Opinogóra Górna (2)	Mazowieckie	ciechanowski
1082	Orchowo (2)	Wielkopolskie	słupecki
1083	Pielgrzymka (2)	Dolnośląskie	złotoryjski
1084	Kroczyce (2)	Śląskie	zawierciański
1085	Trzciana (2)	Małopolskie	bocheński
1086	Świnice Warckie (2)	Łódzkie	łęczycki
1087	Niegosławice (2)	Lubuskie	żagański
1088	Sobienie-Jeziory (2)	Mazowieckie	otwocki
1089	Poświętne (2)	Łódzkie	opoczyński
1090	Przemyśl (2)	Podkarpackie	przemyski
1091	Janowiec Kościelny (2)	Warmińsko-mazurskie	nidzicki
1092	Nowinka (2)	Podlaskie	augustowski
1093	Zakrzówek (2)	Lubelskie	kraśnicki
1094	Bielice (2)	Zachodniopomorskie	pyrzycki
1095	Pleśna (2)	Małopolskie	tarnowski
1096	Żarnów (2)	Łódzkie	opoczyński
1097	Rytro (2)	Małopolskie	nowosądecki
1098	Wysokie Mazowieckie (2)	Podlaskie	wysokomazowiecki
1099	Szreńsk (2)	Mazowieckie	mławski
1100	Radoszyce (2)	Świętokrzyskie	konecki
1101	Brzeźnica (2)	Małopolskie	wadowicki
1102	Radgoszcz (2)	Małopolskie	dąbrowski
1103	Gowarczów (2)	Świętokrzyskie	konecki
1104	Zapolice (2)	Łódzkie	zduńskowolski
1105	Bargłów Kościelny (2)	Podlaskie	augustowski
1106	Wąpielsk (2)	Kujawsko-pomorskie	rypiński
1107	Odrzywół (2)	Mazowieckie	przysuski
1108	Baligród (2)	Podkarpackie	leski
1109	Malanów (2)	Wielkopolskie	turecki
1110	Łęczyca (2)	Łódzkie	łęczycki
1111	Szerzyny (2)	Małopolskie	tarnowski
1112	Pcim (2)	Małopolskie	myślenicki
1113	Uścimów (2)	Lubelskie	lubartowski
1114	Czermin (2)	Podkarpackie	mielecki
1115	Czarnocin (2)	Świętokrzyskie	kazimierski
1116	Budziszewice (2)	Łódzkie	tomaszowski
1117	Wietrzychowice (2)	Małopolskie	tarnowski
1118	Kozłowo (2)	Warmińsko-mazurskie	nidzicki
1119	Słupia (2)	Łódzkie	skierniewicki
1120	Młodzieszyn (2)	Mazowieckie	sochaczewski
1121	Promna (2)	Mazowieckie	białobrzeski
1122	Stoczek (2)	Mazowieckie	węgrowski
1123	Braniewo (2)	Warmińsko-mazurskie	braniewski
1124	Chrostkowo (2)	Kujawsko-pomorskie	lipnowski
1125	Cisek (2)	Opolskie	kędzierzyńsko-kozielski
1126	Stężyca (2)	Lubelskie	rycki
1127	Sadowne (2)	Mazowieckie	węgrowski
1128	Sawin (2)	Lubelskie	chełmski
1129	Przewóz (2)	Lubuskie	żarski
1130	Dobra (2)	Małopolskie	limanowski
1131	Gnojnik (2)	Małopolskie	brzeski
1132	Sanok (2)	Podkarpackie	sanocki
1133	Podegrodzie (2)	Małopolskie	nowosądecki
1134	Pierzchnica (2)	Świętokrzyskie	kielecki
1135	Łoniów (2)	Świętokrzyskie	sandomierski
1136	Igołomia-Wawrzeńczyce (2)	Małopolskie	krakowski
1137	Nieborów (2)	Łódzkie	łowicki
1138	Pozezdrze (2)	Warmińsko-mazurskie	węgorzewski
1139	Cieszków (2)	Dolnośląskie	milicki
1140	Załuski (2)	Mazowieckie	płoński
1141	Jasieniec (2)	Mazowieckie	grójecki
1142	Gronowo Elbląskie (2)	Warmińsko-mazurskie	elbląski
1143	Chąśno (2)	Łódzkie	łowicki
1144	Chełmno (2)	Kujawsko-pomorskie	chełmiński
1145	Skrwilno (2)	Kujawsko-pomorskie	rypiński
1146	Maszewo (2)	Lubuskie	krośnieński
1147	Platerów (2)	Mazowieckie	łosicki
1148	Radomyśl nad Sanem (2)	Podkarpackie	stalowowolski
1149	Przytuły (2)	Podlaskie	łomżyński
1150	Rzeczyca (2)	Łódzkie	tomaszowski
1151	Jakubów (2)	Mazowieckie	miński
1152	Milanów (2)	Lubelskie	parczewski
1153	Bobrowniki (2)	Kujawsko-pomorskie	lipnowski
1154	Iwkowa (2)	Małopolskie	brzeski
1155	Platerówka (2)	Dolnośląskie	lubański
1156	Filipów (2)	Podlaskie	suwalski
1157	Obrazów (2)	Świętokrzyskie	sandomierski
1158	Nowogródek Pomorski (2)	Zachodniopomorskie	myśliborski
1159	Długosiodło (2)	Mazowieckie	wyszkowski
1160	Bukowsko (2)	Podkarpackie	sanocki
1161	Sorkwity (2)	Warmińsko-mazurskie	mrągowski
1162	Dwikozy (2)	Świętokrzyskie	sandomierski
1163	Pęczniew (2)	Łódzkie	poddębicki
1164	Niedźwiedź (2)	Małopolskie	limanowski
1165	Kornowac (2)	Śląskie	raciborski
1166	Grodziec (2)	Wielkopolskie	koniński
1167	Świerczów (2)	Opolskie	namysłowski
1168	Barciany (2)	Warmińsko-mazurskie	kętrzyński
1169	Jeleniewo (2)	Podlaskie	suwalski
1170	Telatyn (2)	Lubelskie	tomaszowski
1171	Zatory (2)	Mazowieckie	pułtuski
1172	Brody (2)	Lubuskie	żarski
1173	Dobre (2)	Kujawsko-pomorskie	radziejowski
1174	Kamień (2)	Lubelskie	chełmski
1175	Kamiennik (2)	Opolskie	nyski
1176	Boguty-Pianki (2)	Mazowieckie	ostrowski
1177	Radymno (2)	Podkarpackie	jarosławski
1178	Lipnik (2)	Świętokrzyskie	opatowski
1179	Siemień (2)	Lubelskie	parczewski
1180	Działdowo (2)	Warmińsko-mazurskie	działdowski
1181	Ruda Maleniecka (2)	Świętokrzyskie	konecki
1182	Lubań (2)	Dolnośląskie	lubański
1183	Gruta (2)	Kujawsko-pomorskie	grudziądzki
1184	Bartoszyce (2)	Warmińsko-mazurskie	bartoszycki
1185	Tłuchowo (2)	Kujawsko-pomorskie	lipnowski
1186	Kowal (2)	Kujawsko-pomorskie	włocławski
1187	Sławatycze (2)	Lubelskie	bialski
1188	Jabłonna (2)	Lubelskie	lubelski
1189	Wolanów (2)	Mazowieckie	radomski
1190	Przeworno (2)	Dolnośląskie	strzeliński
1191	Raciechowice (2)	Małopolskie	myślenicki
1192	Czyże (2)	Podlaskie	hajnowski
1193	Goworowo (2)	Mazowieckie	ostrołęcki
1194	Pałecznica (2)	Małopolskie	proszowicki
1195	Jabłoń (2)	Lubelskie	parczewski
1196	Rozogi (2)	Warmińsko-mazurskie	szczycieński
1197	Siemiatycze (2)	Podlaskie	siemiatycki
1198	Radziłów (2)	Podlaskie	grajewski
1199	Kulesze Kościelne (2)	Podlaskie	wysokomazowiecki
1200	Wojciechowice (2)	Świętokrzyskie	opatowski
1201	Leśna Podlaska (2)	Lubelskie	bialski
1202	Gostynin (2)	Mazowieckie	gostyniński
1203	Limanowa (2)	Małopolskie	limanowski
1204	Klimontów (2)	Świętokrzyskie	sandomierski
1205	Świedziebnia (2)	Kujawsko-pomorskie	brodnicki
1206	Turobin (2)	Lubelskie	biłgorajski
1207	Sośno (2)	Kujawsko-pomorskie	sępoleński
1208	Kłoczew (2)	Lubelskie	rycki
1209	Kolsko (2)	Lubuskie	nowosolski
1210	Orońsko (2)	Mazowieckie	szydłowiecki
1211	Lipinki (2)	Małopolskie	gorlicki
1212	Boćki (2)	Podlaskie	bielski
1213	Gózd (2)	Mazowieckie	radomski
1214	Dubicze Cerkiewne (2)	Podlaskie	hajnowski
1215	Parysów (2)	Mazowieckie	garwoliński
1216	Krasnystaw (2)	Lubelskie	krasnostawski
1217	Czemierniki (2)	Lubelskie	radzyński
1218	Waganiec (2)	Kujawsko-pomorskie	aleksandrowski
1219	Jednorożec (2)	Mazowieckie	przasnyski
1220	Maciejowice (2)	Mazowieckie	garwoliński
1221	Mszana Dolna (2)	Małopolskie	limanowski
1222	Świętajno (2)	Warmińsko-mazurskie	olecki
1223	Bielawy (2)	Łódzkie	łowicki
1224	Tarłów (2)	Świętokrzyskie	opatowski
1225	Waśniów (2)	Świętokrzyskie	ostrowiecki
1226	Brańsk (2)	Podlaskie	bielski
1227	Bystra-Sidzina (2)	Małopolskie	suski
1228	Kalinowo (2)	Warmińsko-mazurskie	ełcki
1229	Strzelce Wielkie (2)	Łódzkie	pajęczański
1230	Olszówka (2)	Wielkopolskie	kolski
1231	Wielgie (2)	Kujawsko-pomorskie	lipnowski
1232	Dzierzkowice (2)	Lubelskie	kraśnicki
1233	Mniów (2)	Świętokrzyskie	kielecki
1234	Trzcianne (2)	Podlaskie	moniecki
1235	Dzierzążnia (2)	Mazowieckie	płoński
1236	Wizna (2)	Podlaskie	łomżyński
1237	Sułów (2)	Lubelskie	zamojski
1238	Skulsk (2)	Wielkopolskie	koniński
1239	Radecznica (2)	Lubelskie	zamojski
1240	Wąsosz (2)	Podlaskie	grajewski
1241	Tczów (2)	Mazowieckie	zwoleński
1242	Kraśnik (2)	Lubelskie	kraśnicki
1243	Kąkolewnica (2)	Lubelskie	radzyński
1244	Wińsko (2)	Dolnośląskie	wołowski
1245	Domaniów (2)	Dolnośląskie	oławski
1246	Stara Błotnica (2)	Mazowieckie	białobrzeski
1247	Lipnica Murowana (2)	Małopolskie	bocheński
1248	Wiżajny (2)	Podlaskie	suwalski
1249	Bytoń (2)	Kujawsko-pomorskie	radziejowski
1250	Dalików (2)	Łódzkie	poddębicki
1251	Rzeczniów (2)	Mazowieckie	lipski
1252	Kamionka (2)	Lubelskie	lubartowski
1253	Dąbrowa Zielona (2)	Śląskie	częstochowski
1254	Kowale Oleckie (2)	Warmińsko-mazurskie	olecki
1255	Miastkowo (2)	Podlaskie	łomżyński
1256	Biała (2)	Łódzkie	wieluński
1257	Frysztak (2)	Podkarpackie	strzyżowski
1258	Dębowiec (2)	Podkarpackie	jasielski
1259	Kiernozia (2)	Łódzkie	łowicki
1260	Smołdzino (2)	Pomorskie	słupski
1261	Kikół (2)	Kujawsko-pomorskie	lipnowski
1262	Zębowice (2)	Opolskie	oleski
1263	Grunwald (2)	Warmińsko-mazurskie	ostródzki
1264	Brzeżno (2)	Zachodniopomorskie	świdwiński
1265	Mycielin (2)	Wielkopolskie	kaliski
1266	Andrzejewo (2)	Mazowieckie	ostrowski
1267	Bolesław (2)	Małopolskie	dąbrowski
1268	Brojce (2)	Zachodniopomorskie	gryficki
1269	Wola Uhruska (2)	Lubelskie	włodawski
1270	Szczurowa (2)	Małopolskie	brzeski
1271	Sadlinki (2)	Pomorskie	kwidzyński
1272	Kramsk (2)	Wielkopolskie	koniński
1273	Dydnia (2)	Podkarpackie	brzozowski
1274	Grabów (2)	Łódzkie	łęczycki
1275	Słubice (2)	Mazowieckie	płocki
1276	Płoniawy-Bramura (2)	Mazowieckie	makowski
1277	Sosnowica (2)	Lubelskie	parczewski
1278	Świątki (2)	Warmińsko-mazurskie	olsztyński
1279	Szczutowo (2)	Mazowieckie	sierpecki
1280	Gorzków (2)	Lubelskie	krasnostawski
1281	Kowala (2)	Mazowieckie	radomski
1282	Ułęż (2)	Lubelskie	rycki
1283	Batorz (2)	Lubelskie	janowski
1284	Sanniki (2)	Mazowieckie	gostyniński
1285	Firlej (2)	Lubelskie	lubartowski
1286	Bliżyn (2)	Świętokrzyskie	skarżyski
1287	Serniki (2)	Lubelskie	lubartowski
1288	Góra Świętej Małgorzaty (2)	Łódzkie	łęczycki
1289	Marianowo (2)	Zachodniopomorskie	stargardzki
1290	Nowy Duninów (2)	Mazowieckie	płocki
1291	Gubin (2)	Lubuskie	krośnieński
1292	Kobiele Wielkie (2)	Łódzkie	radomszczański
1293	Aleksandrów (2)	Łódzkie	piotrkowski
1294	Zakrzew (2)	Lubelskie	lubelski
1295	Staroźreby (2)	Mazowieckie	płocki
1296	Dołhobyczów (2)	Lubelskie	hrubieszowski
1297	Czarnia (2)	Mazowieckie	ostrołęcki
1298	Dębowa Kłoda (2)	Lubelskie	parczewski
1299	Rejowiec Fabryczny (2)	Lubelskie	chełmski
1300	Hanna (2)	Lubelskie	włodawski
1301	Łaziska (2)	Lubelskie	opolski
1302	Kodeń (2)	Lubelskie	bialski
1303	Czernice Borowe (2)	Mazowieckie	przasnyski
1304	Niechlów (2)	Dolnośląskie	górowski
1305	Lubrza (2)	Opolskie	prudnicki
1306	Burzenin (2)	Łódzkie	sieradzki
1307	Dubeninki (2)	Warmińsko-mazurskie	gołdapski
1308	Jastrząb (2)	Mazowieckie	szydłowiecki
1309	Oporów (2)	Łódzkie	kutnowski
1310	Siemkowice (2)	Łódzkie	pajęczański
1311	Dźwierzuty (2)	Warmińsko-mazurskie	szczycieński
1312	Augustów (2)	Podlaskie	augustowski
1313	Głowaczów (2)	Mazowieckie	kozienicki
1314	Czarny Dunajec (2)	Małopolskie	nowotarski
1315	Irządze (2)	Śląskie	zawierciański
1316	Brzuze (2)	Kujawsko-pomorskie	rypiński
1317	Koneck (2)	Kujawsko-pomorskie	aleksandrowski
1318	Horodło (2)	Lubelskie	hrubieszowski
1319	Racławice (2)	Małopolskie	miechowski
1320	Ostrówek (2)	Łódzkie	wieluński
1321	Borki (2)	Lubelskie	radzyński
1322	Sokołów Podlaski (2)	Mazowieckie	sokołowski
1323	Olesno (2)	Małopolskie	dąbrowski
1324	Młynarze (2)	Mazowieckie	makowski
1325	Domaszowice (2)	Opolskie	namysłowski
1326	Łabowa (2)	Małopolskie	nowosądecki
1327	Lubowidz (2)	Mazowieckie	żuromiński
1328	Krasnosielc (2)	Mazowieckie	makowski
1329	Wiśniowa (2)	Podkarpackie	strzyżowski
1330	Czerwonka (2)	Mazowieckie	makowski
1331	Wieliczki (2)	Warmińsko-mazurskie	olecki
1332	Solec nad Wisłą (2)	Mazowieckie	lipski
1333	Mochowo (2)	Mazowieckie	sierpecki
1334	Nowe Miasto (2)	Mazowieckie	płoński
1335	Turośl (2)	Podlaskie	kolneński
1336	Kolno (2)	Warmińsko-mazurskie	olsztyński
1337	Wierzbinek (2)	Wielkopolskie	koniński
1338	Włodowice (2)	Śląskie	zawierciański
1339	Ojrzeń (2)	Mazowieckie	ciechanowski
1340	Będków (2)	Łódzkie	tomaszowski
1341	Szudziałowo (2)	Podlaskie	sokólski
1342	Dąbrowice (2)	Łódzkie	kutnowski
1343	Kawęczyn (2)	Wielkopolskie	turecki
1344	Potok Wielki (2)	Lubelskie	janowski
1345	Gawłuszowice (2)	Podkarpackie	mielecki
1346	Stary Targ (2)	Pomorskie	sztumski
1347	Gołymin-Ośrodek (2)	Mazowieckie	ciechanowski
1348	Nowy Żmigród (2)	Podkarpackie	jasielski
1349	Sieciechów (2)	Mazowieckie	kozienicki
1350	Osiek (2)	Pomorskie	starogardzki
1351	Głowno (2)	Łódzkie	zgierski
1352	Serokomla (2)	Lubelskie	łukowski
1353	Stare Juchy (2)	Warmińsko-mazurskie	ełcki
1354	Międzyrzec Podlaski (2)	Lubelskie	bialski
1355	Karczmiska (2)	Lubelskie	opolski
1356	Nowe Piekuty (2)	Podlaskie	wysokomazowiecki
1357	Brzeźnica (2)	Lubuskie	żagański
1358	Osieczna (2)	Pomorskie	starogardzki
1359	Zawidz (2)	Mazowieckie	sierpecki
1360	Bledzew (2)	Lubuskie	międzyrzecki
1361	Nowodwór (2)	Lubelskie	rycki
1362	Regimin (2)	Mazowieckie	ciechanowski
1363	Płaska (2)	Podlaskie	augustowski
1364	Szelków (2)	Mazowieckie	makowski
1365	Policzna (2)	Mazowieckie	zwoleński
1366	Sadowie (2)	Świętokrzyskie	opatowski
1367	Korzenna (2)	Małopolskie	nowosądecki
1368	Siedlisko (2)	Lubuskie	nowosolski
1369	Wierzbica (2)	Lubelskie	chełmski
1370	Goszczyn (2)	Mazowieckie	grójecki
1371	Dubiecko (2)	Podkarpackie	przemyski
1372	Grębków (2)	Mazowieckie	węgrowski
1373	Gielniów (2)	Mazowieckie	przysuski
1374	Chrzanów (2)	Lubelskie	janowski
1375	Pątnów (2)	Łódzkie	wieluński
1376	Michałów (2)	Świętokrzyskie	pińczowski
1377	Przytyk (2)	Mazowieckie	radomski
1378	Karniewo (2)	Mazowieckie	makowski
1379	Mała Wieś (2)	Mazowieckie	płocki
1380	Tokarnia (2)	Małopolskie	myślenicki
1381	Jarczów (2)	Lubelskie	tomaszowski
1382	Lidzbark Warmiński (2)	Warmińsko-mazurskie	lidzbarski
1383	Wilków (2)	Lubelskie	opolski
1384	Zadzim (2)	Łódzkie	poddębicki
1385	Krempna (2)	Podkarpackie	jasielski
1386	Goszczanów (2)	Łódzkie	sieradzki
1387	Łubnice (2)	Świętokrzyskie	staszowski
1388	Tarnowiec (2)	Podkarpackie	jasielski
1389	Bedlno (2)	Łódzkie	kutnowski
1390	Czerwińsk nad Wisłą (2)	Mazowieckie	płoński
1391	Mirów (2)	Mazowieckie	szydłowiecki
1392	Stupsk (2)	Mazowieckie	mławski
1393	Jasionówka (2)	Podlaskie	moniecki
1394	Sztabin (2)	Podlaskie	augustowski
1395	Gromnik (2)	Małopolskie	tarnowski
1396	Izbica (2)	Lubelskie	krasnostawski
1397	Kozłów (2)	Małopolskie	miechowski
1398	Abramów (2)	Lubelskie	lubartowski
1399	Skierbieszów (2)	Lubelskie	zamojski
1400	Trojanów (2)	Mazowieckie	garwoliński
1401	Wielkie Oczy (2)	Podkarpackie	lubaczowski
1402	Rybczewice (2)	Lubelskie	świdnicki
1403	Krynice (2)	Lubelskie	tomaszowski
1404	Ulan-Majorat (2)	Lubelskie	radzyński
1405	Nowe Ostrowy (2)	Łódzkie	kutnowski
1406	Naruszewo (2)	Mazowieckie	płoński
1407	Korczew (2)	Mazowieckie	siedlecki
1408	Radzyń Podlaski (2)	Lubelskie	radzyński
1409	Pęcław (2)	Dolnośląskie	głogowski
1410	Boniewo (2)	Kujawsko-pomorskie	włocławski
1411	Krzynowłoga Mała (2)	Mazowieckie	przasnyski
1412	Oksa (2)	Świętokrzyskie	jędrzejowski
1413	Grodzisk (2)	Podlaskie	siemiatycki
1414	Godkowo (2)	Warmińsko-mazurskie	elbląski
1415	Pacyna (2)	Mazowieckie	gostyniński
1416	Jaśliska (2)	Podkarpackie	 
1417	Potworów (2)	Mazowieckie	przysuski
1418	Rychliki (2)	Warmińsko-mazurskie	elbląski
1419	Wilczęta (2)	Warmińsko-mazurskie	braniewski
1420	Wilczyce (2)	Świętokrzyskie	sandomierski
1421	Żytno (2)	Łódzkie	radomszczański
1422	Lipowiec Kościelny (2)	Mazowieckie	mławski
1423	Rokitno (2)	Lubelskie	bialski
1424	Żółkiewka (2)	Lubelskie	krasnostawski
1425	Tuczna (2)	Lubelskie	bialski
1426	Stary Dzierzgoń (2)	Pomorskie	sztumski
1427	Czarna (2)	Podkarpackie	bieszczadzki
1428	Jaświły (2)	Podlaskie	moniecki
1429	Chlewiska (2)	Mazowieckie	szydłowiecki
1430	Nielisz (2)	Lubelskie	zamojski
1431	Chotcza (2)	Mazowieckie	lipski
1432	Nurzec-Stacja (2)	Podlaskie	siemiatycki
1433	Olszanka (2)	Mazowieckie	łosicki
1434	Górowo Iławeckie (2)	Warmińsko-mazurskie	bartoszycki
1435	Kuczbork-Osada (2)	Mazowieckie	żuromiński
1436	Topólka (2)	Kujawsko-pomorskie	radziejowski
1437	Wojcieszków (2)	Lubelskie	łukowski
1438	Dziadkowice (2)	Podlaskie	siemiatycki
1439	Pokrzywnica (2)	Mazowieckie	pułtuski
1440	Imielno (2)	Świętokrzyskie	jędrzejowski
1441	Nur (2)	Mazowieckie	ostrowski
1442	Iwaniska (2)	Świętokrzyskie	opatowski
1443	Sterdyń (2)	Mazowieckie	sokołowski
1444	Przyłęk (2)	Mazowieckie	zwoleński
1445	Słaboszów (2)	Małopolskie	miechowski
1446	Banie Mazurskie (2)	Warmińsko-mazurskie	gołdapski
1447	Sadkowice (2)	Łódzkie	rawski
1448	Świercze (2)	Mazowieckie	pułtuski
1449	Sypniewo (2)	Mazowieckie	makowski
1450	Wierzbno (2)	Mazowieckie	węgrowski
1451	Mircze (2)	Lubelskie	hrubieszowski
1452	Łęki Szlacheckie (2)	Łódzkie	piotrkowski
1453	Kazanów (2)	Mazowieckie	zwoleński
1454	Olszanica (2)	Podkarpackie	leski
1455	Klonowa (2)	Łódzkie	sieradzki
1456	Moszczenica (2)	Małopolskie	gorlicki
1457	Bulkowo (2)	Mazowieckie	płocki
1458	Gościeradów (2)	Lubelskie	kraśnicki
1459	Lipno (2)	Kujawsko-pomorskie	lipnowski
1460	Nowa Brzeźnica (2)	Łódzkie	pajęczański
1461	Łukowica (2)	Małopolskie	limanowski
1462	Komarówka Podlaska (2)	Lubelskie	radzyński
1463	Moskorzew (2)	Świętokrzyskie	włoszczowski
1464	Niebylec (2)	Podkarpackie	strzyżowski
1465	Borzęcin (2)	Małopolskie	brzeski
1466	Przerośl (2)	Podlaskie	suwalski
1467	Wyszki (2)	Podlaskie	bielski
1468	Sierpc (2)	Mazowieckie	sierpecki
1469	Podedwórze (2)	Lubelskie	parczewski
1470	Kocierzew Południowy (2)	Łódzkie	łowicki
1471	Werbkowice (2)	Lubelskie	hrubieszowski
1472	Gniewoszów (2)	Mazowieckie	kozienicki
1473	Fredropol (2)	Podkarpackie	przemyski
1474	Ruda-Huta (2)	Lubelskie	chełmski
1475	Sejny (2)	Podlaskie	sejneński
1476	Troszyn (2)	Mazowieckie	ostrołęcki
1477	Ostrówek (2)	Lubelskie	lubartowski
1478	Ropa (2)	Małopolskie	gorlicki
1479	Józefów nad Wisłą (2)	Lubelskie	opolski
1480	Wojsławice (2)	Lubelskie	chełmski
1481	Sidra (2)	Podlaskie	sokólski
1482	Rzepiennik Strzyżewski (2)	Małopolskie	tarnowski
1483	Bircza (2)	Podkarpackie	przemyski
1484	Rościszewo (2)	Mazowieckie	sierpecki
1485	Poświętne (2)	Mazowieckie	wołomiński
1486	Krzywcza (2)	Podkarpackie	przemyski
1487	Giby (2)	Podlaskie	sejneński
1488	Hrubieszów (2)	Lubelskie	hrubieszowski
1489	Kołaki Kościelne (2)	Podlaskie	zambrowski
1490	Siemiątkowo (2)	Mazowieckie	żuromiński
1491	Słupia (2)	Świętokrzyskie	jędrzejowski
1492	Narew (2)	Podlaskie	hajnowski
1493	Grabowo (2)	Podlaskie	kolneński
1494	Białopole (2)	Lubelskie	chełmski
1495	Joniec (2)	Mazowieckie	płoński
1496	Trzydnik Duży (2)	Lubelskie	kraśnicki
1497	Lutocin (2)	Mazowieckie	żuromiński
1498	Kolno (2)	Podlaskie	kolneński
1499	Bejsce (2)	Świętokrzyskie	kazimierski
1500	Rossosz (2)	Lubelskie	bialski
1501	Dubienka (2)	Lubelskie	chełmski
1502	Kiwity (2)	Warmińsko-mazurskie	lidzbarski
1503	Sitno (2)	Lubelskie	zamojski
1504	Stary Zamość (2)	Lubelskie	zamojski
1505	Jawornik Polski (2)	Podkarpackie	przeworski
1506	Borkowice (2)	Mazowieckie	przysuski
1507	Mały Płock (2)	Podlaskie	kolneński
1508	Klwów (2)	Mazowieckie	przysuski
1509	Wyryki (2)	Lubelskie	włodawski
1510	Szczawin Kościelny (2)	Mazowieckie	gostyniński
1511	Rudnik (2)	Lubelskie	krasnostawski
1512	Rachanie (2)	Lubelskie	tomaszowski
1513	Wieniawa (2)	Mazowieckie	przysuski
1514	Niedźwiada (2)	Lubelskie	lubartowski
1515	Rzewnie (2)	Mazowieckie	makowski
1516	Nagłowice (2)	Świętokrzyskie	jędrzejowski
1517	Osiek Jasielski (2)	Podkarpackie	jasielski
1518	Jodłowa (2)	Podkarpackie	dębicki
1519	Trzeszczany (2)	Lubelskie	hrubieszowski
1520	Żmudź (2)	Lubelskie	chełmski
1521	Dzierzgowo (2)	Mazowieckie	mławski
1522	Borzechów (2)	Lubelskie	lubelski
1523	Przesmyki (2)	Mazowieckie	siedlecki
1524	Szastarka (2)	Lubelskie	kraśnicki
1525	Nozdrzec (2)	Podkarpackie	brzozowski
1526	Zawady (2)	Podlaskie	białostocki
1527	Łużna (2)	Małopolskie	gorlicki
1528	Krasnopol (2)	Podlaskie	sejneński
1529	Budzów (2)	Małopolskie	suski
1530	Rusinów (2)	Mazowieckie	przysuski
1531	Wysokie (2)	Lubelskie	lubelski
1532	Strachówka (2)	Mazowieckie	wołomiński
1533	Domaradz (2)	Podkarpackie	brzozowski
1534	Sosnówka (2)	Lubelskie	bialski
1535	Godziszów (2)	Lubelskie	janowski
1536	Milejczyce (2)	Podlaskie	siemiatycki
1537	Markusy (2)	Warmińsko-mazurskie	elbląski
1538	Mędrzechów (2)	Małopolskie	dąbrowski
1539	Jemielno (2)	Dolnośląskie	górowski
1540	Harasiuki (2)	Podkarpackie	niżański
1541	Budry (2)	Warmińsko-mazurskie	węgorzewski
1542	Perlejewo (2)	Podlaskie	siemiatycki
1543	Gręboszów (2)	Małopolskie	dąbrowski
1544	Drelów (2)	Lubelskie	bialski
1545	Tyrawa Wołoska (2)	Podkarpackie	sanocki
1546	Uchanie (2)	Lubelskie	hrubieszowski
1547	Bełżec (2)	Lubelskie	tomaszowski
1548	Lelkowo (2)	Warmińsko-mazurskie	braniewski
1549	Wojciechów (2)	Lubelskie	lubelski
1550	Stary Brus (2)	Lubelskie	włodawski
1551	Łabunie (2)	Lubelskie	zamojski
1552	Dzwola (2)	Lubelskie	janowski
1553	Komarów-Osada (2)	Lubelskie	zamojski
1554	Brzyska (2)	Podkarpackie	jasielski
1555	Grabowiec (2)	Lubelskie	zamojski
1556	Zbójna (2)	Podlaskie	łomżyński
1557	Radzanów (2)	Mazowieckie	białobrzeski
1558	Dynów (2)	Podkarpackie	rzeszowski
1559	Miączyn (2)	Lubelskie	zamojski